-- One admin user, named admin1 with passwor 4dm1n and authority admin
INSERT INTO users(username,password,enabled) VALUES ('admin1','4dm1n',TRUE);
INSERT INTO authorities(id,username,authority) VALUES (1,'admin1','admin');
-- 10 usuarios owner, llamados desde owner1 hasta owner10 con contrasena 0wn3r
INSERT INTO users(username,password,enabled) VALUES ('owner1','0wn3r',TRUE);
INSERT INTO authorities(id,username,authority) VALUES (2,'owner1','owner');
INSERT INTO users(username,password,enabled) VALUES ('owner2','0wn3r',TRUE);
INSERT INTO authorities(id,username,authority) VALUES (4,'owner2','owner');
INSERT INTO users(username,password,enabled) VALUES ('owner3','0wn3r',TRUE);
INSERT INTO authorities(id,username,authority) VALUES (5,'owner3','owner');
INSERT INTO users(username,password,enabled) VALUES ('owner4','0wn3r',TRUE);
INSERT INTO authorities(id,username,authority) VALUES (6,'owner4','owner');
INSERT INTO users(username,password,enabled) VALUES ('owner5','0wn3r',TRUE);
INSERT INTO authorities(id,username,authority) VALUES (7,'owner5','owner');
INSERT INTO users(username,password,enabled) VALUES ('owner6','0wn3r',TRUE);
INSERT INTO authorities(id,username,authority) VALUES (8,'owner6','owner');
INSERT INTO users(username,password,enabled) VALUES ('owner7','0wn3r',TRUE);
INSERT INTO authorities(id,username,authority) VALUES (9,'owner7','owner');
INSERT INTO users(username,password,enabled) VALUES ('owner8','0wn3r',TRUE);
INSERT INTO authorities(id,username,authority) VALUES (10,'owner8','owner');
INSERT INTO users(username,password,enabled) VALUES ('owner9','0wn3r',TRUE);
INSERT INTO authorities(id,username,authority) VALUES (11,'owner9','owner');
INSERT INTO users(username,password,enabled) VALUES ('owner10','0wn3r',TRUE);
INSERT INTO authorities(id,username,authority) VALUES (12,'owner10','owner');

-- One vet user, named vet1 with passwor v3t
INSERT INTO users(username,password,enabled) VALUES ('vet1','v3t',TRUE);
INSERT INTO authorities(id,username,authority) VALUES (3,'vet1','veterinarian');


INSERT INTO vets VALUES (1, 'James', 'Carter');
INSERT INTO vets VALUES (2, 'Helen', 'Leary');
INSERT INTO vets VALUES (3, 'Linda', 'Douglas');
INSERT INTO vets VALUES (4, 'Rafael', 'Ortega');
INSERT INTO vets VALUES (5, 'Henry', 'Stevens');
INSERT INTO vets VALUES (6, 'Sharon', 'Jenkins');

INSERT INTO specialties VALUES (1, 'radiology');
INSERT INTO specialties VALUES (2, 'surgery');
INSERT INTO specialties VALUES (3, 'dentistry');

INSERT INTO vet_specialties VALUES (2, 1);
INSERT INTO vet_specialties VALUES (3, 2);
INSERT INTO vet_specialties VALUES (3, 3);
INSERT INTO vet_specialties VALUES (4, 2);
INSERT INTO vet_specialties VALUES (5, 1);

INSERT INTO types VALUES (1, 'gato');
INSERT INTO types VALUES (2, 'perro');
INSERT INTO types VALUES (3, 'lagarto');
INSERT INTO types VALUES (4, 'serpiente');
INSERT INTO types VALUES (5, 'pajaro');
INSERT INTO types VALUES (6, 'hamster');
INSERT INTO types VALUES (7, 'pez');

INSERT INTO owners VALUES (1, 'George', 'Franklin', '110 W. Liberty St.', 'Madison','prueba@gmail.com', '6085551023','owner1');
INSERT INTO owners VALUES (2, 'Betty', 'Davis', '638 Cardinal Ave.', 'Sun Prairie','prueba2@gmail.com', '6085551749', 'owner2');
INSERT INTO owners VALUES (3, 'Eduardo', 'Rodriquez', '2693 Commerce St.', 'McFarland', 'prueba3@gmail.com', '6085558763','owner3');
INSERT INTO owners VALUES (4, 'Harold', 'Davis', '563 Friendly St.', 'Windsor', 'prueba4@gmail.com','6085553198', 'owner4');
INSERT INTO owners VALUES (5, 'Peter', 'McTavish', '2387 S. Fair Way', 'Madison', 'prueba5@gmail.com','6085552765', 'owner5');
INSERT INTO owners VALUES (6, 'Jean', 'Coleman', '105 N. Lake St.', 'Monona', 'prueba6@gmail.com','6085552654', 'owner6');
INSERT INTO owners VALUES (7, 'Jeff', 'Black', '1450 Oak Blvd.', 'Monona', 'prueba11@gmail.com','6085555387', 'owner7');
INSERT INTO owners VALUES (8, 'Maria', 'Escobito', '345 Maple St.', 'Madison', 'prueba12@gmail.com','6085557683', 'owner8');
INSERT INTO owners VALUES (9, 'David', 'Schroeder', '2749 Blackhawk Trail', 'Madison','prueba14@gmail.com', '6085559435', 'owner9');
INSERT INTO owners VALUES (10, 'Carlos', 'Estaban', '2335 Independence La.', 'Waunakee','prueba27@gmail.com', '6085555487', 'owner10');


INSERT INTO pets(id,name,birth_date,type_id,owner_id) VALUES (1, 'Leo', '2010-09-07', 1, 1);
INSERT INTO pets(id,name,birth_date,type_id,owner_id) VALUES (2, 'Basil', '2012-08-06', 6, 2);
INSERT INTO pets(id,name,birth_date,type_id,owner_id) VALUES (3, 'Rosy', '2011-04-17', 2, 3);
INSERT INTO pets(id,name,birth_date,type_id,owner_id) VALUES (4, 'Jewel', '2010-03-07', 2, 3);
INSERT INTO pets(id,name,birth_date,type_id,owner_id) VALUES (5, 'Iggy', '2010-11-30', 3, 4);
INSERT INTO pets(id,name,birth_date,type_id,owner_id) VALUES (6, 'George', '2010-01-20', 4, 5);
INSERT INTO pets(id,name,birth_date,type_id,owner_id) VALUES (7, 'Samantha', '2012-09-04', 1, 6);
INSERT INTO pets(id,name,birth_date,type_id,owner_id) VALUES (8, 'Max', '2012-09-04', 1, 6);
INSERT INTO pets(id,name,birth_date,type_id,owner_id) VALUES (9, 'Lucky', '2011-08-06', 5, 7);
INSERT INTO pets(id,name,birth_date,type_id,owner_id) VALUES (10, 'Mulligan', '2007-02-24', 2, 8);
INSERT INTO pets(id,name,birth_date,type_id,owner_id) VALUES (11, 'Freddy', '2010-03-09', 5, 9);
INSERT INTO pets(id,name,birth_date,type_id,owner_id) VALUES (12, 'Lucky', '2010-06-24', 2, 10);
INSERT INTO pets(id,name,birth_date,type_id,owner_id) VALUES (13, 'Sly', '2012-06-08', 1, 10);



INSERT INTO visits(id,pet_id,visit_date,description) VALUES (1, 7, '2013-01-01', 'rabies shot');
INSERT INTO visits(id,pet_id,visit_date,description) VALUES (2, 8, '2013-01-02', 'rabies shot');
INSERT INTO visits(id,pet_id,visit_date,description) VALUES (3, 8, '2013-01-03', 'neutered');
INSERT INTO visits(id,pet_id,visit_date,description) VALUES (4, 7, '2013-01-04', 'spayed');

--Pruebas borrado reservas
INSERT INTO reservas(id, pet_id, start_date, finish_date) VALUES (1, 1, '2013-01-01', '2013-02-01');
INSERT INTO reservas(id, pet_id, start_date, finish_date) VALUES (2, 1, '2014-01-01', '2014-02-01');
INSERT INTO reservas(id, pet_id, start_date, finish_date) VALUES (3, 1, '2015-01-01', '2015-02-01');
--

--Pruebas causas
INSERT INTO causas(id, name, description, budget_target, organization) VALUES (1, 'Ayudar a animales abandonados', 
	'Necesitamos dinero para ayudar a animales abandonados.', 1000.50, 'Asociaci贸n contra el abandono animal');
INSERT INTO causas(id, name, description, budget_target, organization) VALUES (2, 'Ayudar a animales maltratados', 
	'Necesitamos dinero para ayudar a animales maltratados.', 2500.0, 'Asociaci贸n contra el maltrato animal');
INSERT INTO causas(id, name, description, budget_target, organization) VALUES (3, 'Causa de prueba 1', 
	'Esto es una causa de prueba.', 100, 'Asociaci贸n de prueba 1');
INSERT INTO causas(id, name, description, budget_target, organization) VALUES (4, 'Causa de prueba 2', 
	'Esto es una causa de prueba.', 3456.84, 'Asociaci贸n de prueba 2');
--


